id,title,label_index,prediction,probability_str,rawPrediction_str
F002,Mind Control Confirmed by Sources,0.0,0.0,"[0.9994860275779252, 0.0005139724220748487]","[7.572826842948354, -7.572826842948354]"
F006,Hoax Confirmed by Sources,0.0,0.0,"[0.9998138397363788, 0.00018616026362117122]","[8.588716445277552, -8.588716445277552]"
F008,Hoax Confirmed by Sources,0.0,0.0,"[0.9961221774176284, 0.0038778225823715706]","[5.548596112152852, -5.548596112152852]"
F013,Secret Cure Confirmed by Sources,0.0,0.0,"[0.9993316346664826, 0.00066836533351744]","[7.310007038674029, -7.310007038674029]"
F019,Immortal Jellyfish Confirmed by Sources,0.0,0.0,"[0.9998511470384223, 0.00014885296157773897]","[8.812402710268657, -8.812402710268657]"
